;x_mean;y_mean;z_mean;x_min;y_min;z_min;x_max;y_max;z_max;x_std;y_std;z_std;x_med;y_med;z_med;activity;sma;smv;tilt;x_psd;y_psd;z_psd
17;-4.191719057692307;-6.674088557692306;-6.829668115384615;-21.011375;-22.971098;-15.737595;6.45105;3.495914;3.6562330000000003;7.295059991229804;6.343660980767011;5.071918676150521;-2.398805;-7.097111999999999;-7.795816499999999;jump_fast;20.845534730769234;675.0696275496351;1.7586648831264797;3627.779364306017;4368.603586532007;3737.449373379372
31;4.772714826923076;-7.020725615384615;-5.3754300576923075;-5.458028;-32.566315;-16.134804000000003;33.315269;10.502099000000001;5.3910290000000005;7.246860620126637;9.67771563299199;5.063977676801506;4.2221355;-6.8362945;-6.356533499999999;jump_fast;21.78434938461538;768.4845380467727;1.246063205807206;3862.8643858194855;7339.6777581848555;2810.390277335723
9;-6.0500680192307685;-8.317819673076924;-8.02354846153846;-29.218758;-22.167109;-16.481762;13.220345000000002;5.690132;4.957929;11.05464821628958;8.78210968394558;5.205344874654337;-2.3605194999999997;-9.01137;-8.598608;jump_fast;27.81909415384616;901.3409361562731;1.7319997909291494;8135.840404422217;7531.076429462312;4729.497534030722
35;8.135550098039218;-8.323504078431375;-5.344158196078432;-5.192425;-28.692337;-23.129025;47.954559;8.453842;7.850851;10.873090058816366;7.156631539107509;5.393390549527987;5.544169999999999;-7.999206;-5.491528;jump_fast;24.292780137254905;807.9988020287917;1.1122159888440926;9286.750316639567;6094.185476654264;2910.9944490472176
79;-5.4388858627450976;-5.015590862745098;-7.057231549019608;-31.219155999999998;-23.746372;-31.960932;23.832514;10.738988;9.875179;11.665536485356279;7.877842926478038;9.276025962416103;-5.242674;-2.892923;-4.213761;jump_fast;25.714398117647058;856.1801818045807;1.9812849534764638;8312.892525385321;4385.984195538061;6842.263256731242
0;-7.359770230769232;-10.26516319230769;-7.47559203846154;-30.87459;-24.540789;-18.312271;10.707881;2.6177479999999997;-1.727618;11.222549690357537;6.263844924189437;3.7964302030385912;-5.243871;-11.243874;-7.4249285;jump_fast;28.119715461538462;948.5799462784685;1.9172924671510978;9239.870027365028;7480.4493339138335;3641.0497655402223
20;6.175875173076922;-5.965904980769232;-5.208162576923078;-16.481762;-35.112278;-36.667614;32.018359999999994;9.166903;11.050055;12.236671582650851;12.093878327772849;11.026124837054464;4.0821555;-1.9190435;-4.662415;jump_fast;30.515160923076937;1046.4813708190022;1.2416084036617303;9619.897278482651;9310.141699813152;7610.844661276202
29;-6.4215997115384615;-7.187210942307692;-4.348633057692307;-45.320060999999995;-30.793234;-21.470798000000002;13.337593;35.263027;22.102503;13.577681767521037;14.256860169499104;7.830039662911776;-3.479164;-8.452646;-4.6612185;jump_fast;30.02269978846153;1024.438948927754;1.8168652595050943;11546.34657965574;13052.273215244979;4110.137269724977
71;4.04233884;-7.291935680000002;-8.252941060000003;-16.883757;-24.715466;-37.105499;30.084959;6.599405;4.725825;12.181914445106885;9.166704706030314;9.569551498023332;2.5471595000000002;-4.3956155;-6.6412795;jump_fast;27.877293179999995;912.5747707278266;1.2550908133897365;8088.578102715914;6776.011581273212;7892.791284784404
2;5.955266313725488;-7.463120019607844;-5.705380686274509;-5.326423;-23.578875;-12.174682;45.604805;2.160719;7.10429;9.128919246228689;6.406548471783197;4.138171508841606;4.929214;-6.266801999999999;-6.726224;jump_fast;21.265671725490197;699.0928006033544;1.202397420558321;5975.5833704453;4892.799347846022;2516.342979370445
7;-5.842582749999999;-8.074856134615386;-6.960169000000001;-32.487353999999996;-22.99024;-16.689938;15.957734;12.033505;3.773481;11.905083150517934;8.76677027371663;5.444834029767364;-3.6873395;-9.692127499999998;-7.227521;jump_fast;27.33638826923078;904.9008044849402;1.7959635312795639;9003.341451769116;7310.240995564459;4031.042628642519
2;7.488127470588233;-7.524113450980391;-7.459976509803919;-22.671995000000003;-35.471203;-50.356953000000004;46.765327;8.396415;10.238888000000001;14.975728095919655;10.727119916639394;12.046042958067135;7.113861999999999;-4.74736;-8.958728;jump_fast;34.37308519607843;1152.6797247168154;1.2591220331856137;14073.296303950543;8640.781529682508;10093.571273248079
14;-5.990523519230767;-7.281635384615385;-6.288752115384615;-23.076382000000002;-23.030918;-19.850857;12.593426;10.346565;7.0731839999999995;8.67615338107554;9.317435944952562;6.430902469615736;-3.8333015;-8.027920000000002;-5.8002020000000005;jump_fast;25.18514863461539;812.0593182271974;1.8661874145029351;5705.1488578811395;7184.700363476104;4165.698800034429
54;7.509551903846151;-9.123970769230768;-1.5903526923076923;-15.8357;-30.800413;-14.196617000000002;31.293335;18.556339;14.581860999999998;10.005576774604489;9.098970306073454;6.0910228215369235;4.315456;-9.692128;-2.1272195;jump_fast;24.916600288461545;851.0941001516915;1.1441841416766838;8038.14512563883;8551.190107255554;2023.6480373050426
6;7.153711403846156;-7.737974134615386;-3.823178403846154;-8.398808;-23.880369;-14.440684;44.023151;5.130212;6.075377;11.194861400735846;8.180536095943516;5.032669530615424;5.076373500000001;-7.310073000000001;-4.731807;jump_fast;22.861901711538458;807.023474938562;1.128311576345403;9052.701527040917;6526.5443844835645;2051.783934420681
35;4.530257461538461;-7.629192923076923;-7.830189980769228;-21.107088;-20.779272;-19.771894;19.807785;4.228117;5.740382;8.439496297088525;7.331625012254038;7.197853077036608;5.5345984999999995;-8.045866;-7.716853;jump_fast;25.01981363461539;844.7495076589499;1.3063160277000916;4699.688083904011;5768.027393527164;5830.4810418656925
50;6.19842296153846;-6.714536365384617;-4.81813246153846;-7.379465;-27.658635999999998;-23.248665;33.793834999999994;9.23151;7.9848490000000005;9.208742682702784;8.407794551228129;9.06853231009988;2.8869404999999997;-5.7379885;-1.701297;jump_fast;23.354777250000005;853.2033314541832;1.1929916969939638;6322.71128653445;5949.661397306499;5401.301012905991
5;-5.684932461538461;-8.781199038461539;-6.6328583653846165;-35.341991;-28.989046000000002;-14.873785999999999;13.052848;5.776274;0.19381900000000002;10.754927314313631;8.511639922076466;4.189818144068772;-3.5928234999999997;-10.486545;-6.332605;jump_fast;25.557554788461534;869.7663543102419;1.8417639535087358;7579.651307141836;7704.5404630774265;3183.013505051901
27;5.3998644423076945;-9.372824346153847;-5.755934923076925;-8.169097;-25.75395;-15.828522;28.027132;8.489735000000001;9.049655;7.259127774029622;7.574275722401249;4.834140818195798;4.042674;-7.759924;-5.419743499999999;jump_fast;22.944914480769228;770.0100970014357;1.2736387701270713;4203.685609779647;7494.043772307231;2914.6157055697045
59;-3.071740057692307;-6.822213442307689;-10.419224115384619;-25.313671;-31.080374;-34.490147;17.271395000000002;3.266203;3.101098;10.12688105407299;6.54581214295865;8.055002396902717;-3.8524445;-6.2081785;-8.804391;jump_fast;26.835275923076928;909.4880365502534;1.7694575975447644;5720.890237116107;4605.445492281147;8954.168264983371
2;-7.028778384615385;-9.26220230769231;-6.870346000000003;-26.459833000000003;-23.7703;-17.218752;6.553941;4.101298;0.636491;10.38315034534961;6.203706206892295;4.394228128631475;-3.7567315;-10.096515;-6.051448499999999;jump_fast;25.387204;868.210847301108;1.9100279607123125;8067.294095962716;6423.78086838141;3439.2572994744924
81;-6.033073301886791;-5.265203132075469;-7.680193188679244;-29.197221999999996;-39.084365999999996;-41.146976;13.540982999999999;11.009377;8.12124;10.305249266565495;9.989331976891984;11.141782740032085;-5.9916279999999995;-3.278167;-3.3451660000000003;jump_fast;27.462515849056604;959.3061543793044;1.948802479143857;7451.39704088931;6658.196467083866;9581.469249574056
36;6.838503057692307;-8.149815923076922;-4.7242141153846156;-5.192425;-25.115067;-11.32523;42.197426;8.453842;5.788238;8.883688214534798;6.578887886600821;3.719787269796116;5.265406500000001;-7.552944999999999;-5.196014;jump_fast;21.717902557692312;749.2598322974579;1.129154568383298;6456.702182589775;5661.184035209597;1866.22403237536
53;8.068736096153849;-10.234056403846154;-2.627917403846154;-15.8357;-30.800413;-14.196617000000002;38.880974;18.556339;14.581860999999998;10.65484453451205;9.089774138200033;6.188330054636581;6.3134625;-10.275976499999999;-3.1956145;jump_fast;27.037469326923084;908.1903710394863;1.1570280453319326;9175.24542863324;9660.091032867433;2312.176265955789
13;4.594219500000001;-9.238780173076922;-8.807151884615383;-19.487148;-22.760529000000002;-24.05744;19.77668;6.989435;7.913064;9.651469712179267;7.583352703387678;8.302857358823092;4.488935000000001;-10.727024;-10.2173525;jump_fast;29.052824288461537;995.0229621739069;1.3031600758551383;5848.2505941981735;7371.33222191768;7549.2375209406855
8;8.200571307692309;-6.624897538461539;-6.749324346153846;-32.331821000000005;-31.570902;-33.528233;38.139198;11.906686;11.155339;10.915771874827913;10.54777207454894;12.851224027609703;8.4311105;-6.270391500000001;-3.3619155000000003;jump_fast;32.230676807692305;1080.795665829258;1.0884650496281578;9573.825084959899;7956.272187114275;10791.627624136887
42;11.244886115384615;-8.634224326923077;-5.817181903846152;-4.694718;-29.675787;-21.664616;61.765930000000004;14.691931;11.894721;13.240310194668144;10.44018116842371;6.976290463713785;6.894918499999999;-9.0903335;-6.2285175;jump_fast;30.14546996153846;1055.9864149279563;1.0168424890547518;15515.864631497117;9435.457670141737;4241.759536065926
0;6.357188018867926;-5.789095773584905;-7.512966452830189;-27.467211;-32.42514;-29.601608000000002;36.454654999999995;8.939586;12.708282;14.030318283856376;10.982520349093347;11.529751525414376;6.472585;-4.13719;-7.164111;jump_fast;32.82383801886793;1144.1470972543693;1.2946231098648708;12378.124713491963;8048.241550763117;9904.196093196997
65;1.6948509387755106;-7.1018488367346935;-4.317384571428571;-23.968904000000002;-35.696129;-22.43989;39.795033000000004;9.238688;6.946364;11.347196921846319;12.577955638928247;7.787088252937714;0.045464;-5.819344999999999;-1.5242280000000001;jump_fast;24.43780002040816;839.3948559963782;1.3749494960014998;6321.179608720355;10065.215054724315;3824.0103533768106
18;-4.338785538461538;-5.941884826923077;-7.713493980769229;-21.011375;-17.704494;-19.628325;9.705289;3.495914;3.6562330000000003;7.458872994757414;5.590410099896118;5.840376960769703;-3.1226335;-6.453443;-8.501698999999999;jump_fast;20.83499699999999;664.3771548423726;1.8645769022528982;3816.277221283668;3429.798694749818;4833.505603589251
26;5.42338032;-9.11631936;-5.81843538;-8.169097;-25.75395;-14.802001;28.807191999999997;8.666803;9.049655;7.325126639839066;7.527631031540918;4.856865644505479;3.8500515;-7.314859;-5.328816;jump_fast;22.721286779999996;753.2665800225994;1.2357590588932266;4099.869238962485;6931.9601520794085;2848.577564111891
21;4.799726173076923;-7.563896557692308;-4.813530826923076;-5.151747;-20.578276000000002;-13.85205;27.479176000000002;7.415358;11.150554;6.523424495573434;6.627425445978753;6.222778531764703;3.9708895;-6.7561350000000004;-5.9736815;jump_fast;21.20353786538462;734.463035787988;1.2171512987677124;3368.251734120844;5215.112789186759;3179.715714555392
37;5.752069576923076;-9.37530919230769;-5.149400288461537;-4.3166519999999995;-29.893534000000002;-13.170095000000002;42.376888;10.470991999999999;5.788238;8.570934575566517;7.7999719944661825;3.9093992613872315;4.4315075;-9.5856475;-5.102694;jump_fast;22.222327942307693;782.6738094359433;1.2359091622830587;5466.99472415445;7673.431686308487;2158.302345033691
32;6.31691371153846;-7.263413230769233;-4.659101788461538;-11.349157;-29.187651000000002;-17.481962;41.264225;7.338787;5.3910290000000005;10.228236411359422;8.074907449724206;5.318453417329218;3.7507494999999995;-7.4392855;-4.900501;jump_fast;22.435519346153853;788.6944587270178;1.2202931236055534;7410.434564048769;6068.783577969688;2571.3592170801085
55;5.294304173076924;-7.166641865384614;-6.057752673076925;-10.827522;-33.317661;-32.116467;30.606594;4.575076999999999;8.987442;8.063484395564673;8.99935948510091;9.431288085195025;3.650251;-4.3872405;-4.1730825;jump_fast;22.951678750000003;839.6881860085562;1.1667275717246002;4773.550957680369;6801.171320833402;6444.620049547898
20;-5.845481634615384;-8.976950250000003;-6.368129326923077;-33.710087;-21.212372;-25.17728;9.315259;1.476372;8.834301;10.018051373403566;6.415586995201156;7.749413398647384;-3.0352955;-9.5377915;-6.0430735;jump_fast;24.738104903846153;811.992644039547;1.8918222344132993;6895.251107440342;6289.600642273408;5171.483507649639
21;7.51387723076923;-5.748894442307692;-3.8275499423076917;-15.436098999999999;-30.171101;-36.667614;43.666622;7.719246000000001;8.882157000000001;12.085560827089555;9.84758164969522;10.85647980769314;2.8115665;-2.4418755;-1.2035895;jump_fast;26.439447846153843;925.902046346758;1.222860849837681;10384.934059801117;6664.307021775522;6772.828049721991
70;-8.584527326923075;-4.6204945;-8.080332038461536;-38.191841;-29.367113;-36.72504;10.490134;11.140983;6.893722;11.396076756426037;8.451849359269751;12.228944177339242;-7.1186475;-4.453043;-6.2895345;jump_fast;28.868760942307695;1001.6035716254795;1.9820286755531304;10455.492527543876;4753.268047256786;11022.07268460942
84;-4.401735326923078;-6.65885723076923;-9.186782365384616;-35.598022;-25.519453;-48.46423;14.828320999999999;7.300502000000001;6.738189;10.499178852007095;8.081037957667284;12.209407408221795;-2.723032;-4.540381;-7.1832535;jump_fast;26.70836411538461;910.3270843344465;1.863554339933206;6629.384827078779;5636.16163836415;11991.193544161973
4;-6.308584961538461;-8.984818980769234;-6.672754038461542;-32.848671;-28.989046000000002;-15.443276999999998;13.052848;4.455436;1.292124;11.482866066052429;7.98761642608107;4.348281332123275;-4.0797625;-10.595418500000001;-5.8767725;jump_fast;26.261182596153848;887.2276882231176;1.8767427162936074;8794.17556691717;7451.705374774142;3279.6186935137293
63;-9.807949942307694;-7.221952846153849;-8.59722775;-45.322453;-27.828527;-35.490345;21.801006;13.349557999999998;6.453443;14.578920602012285;8.880500584726638;9.399722967577537;-9.6430755;-7.3986075;-6.339784;jump_fast;32.58453846153845;1130.2438716056704;2.017630319193223;15841.977089590986;6734.171173829459;8349.535284466678
1;-7.599236519230771;-9.488462153846156;-7.059839134615384;-25.950160999999998;-20.810379;-18.312271;6.553941;4.101298;-0.090927;10.11961085176626;6.397853761173885;4.195621742419207;-4.4817565;-10.346565000000002;-6.15434;jump_fast;26.040904807692314;891.6565114167088;1.927976433584985;8225.649288461409;6769.166700556191;3489.5144196241386
30;5.003760250000001;-7.856971076923078;-6.87029998076923;-4.761717;-32.566315;-16.134804000000003;34.939995;10.502099000000001;1.6821540000000001;6.7128069185959705;8.877254830388388;4.309152494689698;4.1671005;-8.1655075;-7.21795;jump_fast;22.5679066923077;778.8316110915047;1.2101646075045853;3600.1066782968082;7229.152033693851;3401.461691286413
50;8.326056403846158;-9.46264728846154;-2.120040826923078;-6.101698000000001;-28.709084999999998;-17.8361;41.931824;8.068598;17.453249;9.713877883826154;8.159427822046991;6.984706058141724;5.8983075;-8.3605225;-3.2554355;jump_fast;24.90873163461538;859.3592263681601;1.0737084809459037;8417.137793117661;8051.557454246003;2721.809856257403
52;-5.271434288461538;-6.323217923076923;-7.188269384615385;-48.540802;-28.051059999999996;-35.140995000000004;33.095131;9.865608;6.486942;13.404023305134304;9.398243712512999;10.806399382761276;-3.554538;-3.0544385;-6.3840509999999995;jump_fast;27.309837173076914;928.346030784852;1.9572255541998191;10608.036890787296;6583.796643810803;8642.594919388448
19;-5.325456769230768;-7.634208653846154;-8.262554692307694;-33.710087;-21.109482;-20.374886;9.705289;1.631905;4.833501999999999;9.906676574736386;6.492055822250962;6.483509336341065;-3.1561329999999996;-7.2897345;-7.854440500000001;jump_fast;23.93973042307692;767.4919496473639;1.9104375407033891;6479.999748227145;5180.1056008242485;5693.860681291051
43;11.783547250000005;-8.012228538461539;-4.377162769230768;0.784846;-25.048067;-21.664616;43.585266;13.095919;14.120047;9.772223660586706;9.48053729784306;7.891229768084997;9.174081999999999;-5.790630500000001;-5.078766;jump_fast;28.739732673076933;1029.6880834592016;0.8762448093603321;12090.617380134157;7922.091880177415;4172.14367312193
16;-4.716345423076923;-7.409007192307692;-7.300179807692309;-28.486553000000004;-24.071796;-18.324236;6.45105;9.186047;7.393822;7.647039636577621;7.95408619248398;6.043155219883318;-2.702693;-8.234899500000001;-7.3483585;jump_fast;23.4665498076923;752.4802212103676;1.7678252369112437;4139.021511161338;6081.097998965369;4633.722487272955
5;8.379756980769232;-7.889780365384613;-4.402011461538463;-15.641882;-26.565116999999997;-15.448063000000001;47.212784;5.130212;5.836094;12.343557925663106;8.307871771851266;5.573059442799209;7.700103500000001;-7.012167;-5.1756755000000005;jump_fast;25.367923307692315;880.0142404419496;1.0536994100526964;11421.991542425256;6756.986381382126;2591.6492243924768
16;7.057216346153845;-9.229623076923076;-8.338710865384616;-9.729217;-26.86422;-25.122246;27.986454;12.614961;7.228717;10.639729278783712;9.433324067372252;9.394950911846173;6.37089;-10.220941999999999;-6.916454;jump_fast;30.568677442307695;1084.9224395374472;1.2036685594484056;8363.219528350068;8968.036742350987;8117.293377053102
33;-3.990491942307692;-4.674563134615385;-7.284580442307691;-30.960732;-22.669601;-41.405403;21.178873;8.29113;5.699704;11.59594152881614;5.966664336710884;11.159408133115022;-4.4877385;-4.2400815000000005;-4.2185465;jump_fast;25.191268788461546;861.902791695467;1.9837773410976085;7685.8082058902355;2951.9353546301254;9110.537719416612
27;7.09678980769231;-7.077371096153846;-6.595493557692308;-23.593231;-26.581867;-30.561131;21.635901999999998;12.284752000000001;9.975677000000001;9.00296475829459;9.38512811630109;11.911840090057435;8.390432;-6.9284175;-4.8909294999999995;jump_fast;29.990304538461537;1027.8461093513185;1.0389462163833383;6752.6722262712165;7096.749562627693;9498.516484903234
19;5.855973307692308;-10.440667365384616;-2.9438620576923076;-4.955536;-24.58386;-14.127225;25.22035;2.4263220000000003;8.078169;6.692031557220657;6.378899034819289;4.5730531845770575;4.768895499999999;-11.102697;-3.300899;jump_fast;21.379502115384618;767.1284222894617;1.161255720936152;4067.1536202857415;7743.59981951692;1517.2024252429492
28;-4.700976115384616;-7.5378975;-4.373941788461538;-35.461632;-33.712478999999995;-21.470798000000002;12.349358;5.5776699999999995;3.56052;11.142863742168123;10.889358051184217;5.1006704616698375;-1.725225;-3.7016964999999997;-3.6023945;jump_fast;21.515709019230773;713.1695056843761;1.7203193019806784;7481.491205948441;9002.11879057774;2321.6898690663174
32;5.396229288461539;-7.439469673076924;-5.724828211538461;-29.527431;-24.42354;-31.972896999999996;37.773098;13.560126;9.719646000000001;11.93069717775677;9.630650755224957;9.515888207992043;4.461418;-7.652247;-2.8259235;jump_fast;28.389966480769235;1005.4031807784954;1.2365015755142357;8773.621400263808;7608.198001289691;6322.388766421688
66;-5.381596230769231;-4.916192115384615;-8.74070494230769;-24.763320999999998;-27.500711;-24.478575;22.002005;17.759529;9.54497;10.977181440823172;10.023463471724835;8.6209865616117;-7.124629499999999;-5.602793999999999;-8.9742815;jump_fast;29.308027903846156;972.5068283278855;1.8624165811375;7651.426187155926;6380.745954018342;7763.187864271036
13;-5.356544607843136;-8.062451607843137;-7.435532117647059;-23.076382000000002;-23.406591;-24.452254999999997;12.593426;10.346565;2.244468;9.129023284912725;9.107183917510142;6.529532966355595;-3.8548370000000003;-8.425129;-7.042077000000001;jump_fast;26.104944372549017;819.5589418809382;1.8210823929575872;5630.2743837504195;7462.199367737205;4951.384069436834
12;4.609843235294117;-9.474967705882353;-9.268668960784312;-14.782858;-21.260229000000002;-26.541189000000003;27.543781;13.584054;6.474978;9.147655409968518;7.46400878427136;8.593660564846905;4.074977;-10.502099000000001;-10.631311;jump_fast;29.365751627450972;972.7033964360311;1.3168161704238937;5267.763362329649;7364.09702098719;8073.869534725178
48;-5.631277903846153;-7.024637019230772;-7.6697328269230765;-29.886353999999997;-31.984859000000004;-41.309689;26.603403000000004;7.075577;8.109276;11.733285744426786;10.833759790226475;10.866900427140154;-1.87358;-2.146362;-4.2951165;jump_fast;26.995180865384615;891.2215897954651;1.7497179481001202;8670.156835556796;8551.855223909983;9081.455454654159
48;4.747313274509804;-6.885933607843137;-3.8533359215686267;-4.4339;-28.448269;-32.91806;38.323448;7.456035000000001;8.626125;7.860713739101908;10.474548161380163;9.054406017757843;1.631905;-4.108477;-1.0432709999999998;jump_fast;22.07209974509804;782.9962326178919;1.2338171807890572;4238.927174048463;7904.028123486428;4856.371500667481
38;-1.9003703333333333;-5.784015411764706;-9.661326372549018;-17.008183;-24.624538;-30.458239000000003;17.479568;5.711668;7.345965;7.656437000417331;7.975673319680956;10.102499089679398;-2.9647069999999998;-5.163711;-12.093326;jump_fast;25.56688776470588;838.5329381894793;1.8589273955095176;3115.2331546624628;4886.764793573645;9863.426983971125
8;-5.644070480769229;-8.230113423076922;-8.057416153846152;-32.487353999999996;-22.99024;-16.481762;15.957734;6.338587;0.507278;11.927662623606993;8.657526275087584;5.06810207749203;-2.0434704999999997;-7.561319;-8.01117;jump_fast;27.297596865384623;909.5271238306829;1.7441898499929964;8912.213561570474;7344.798703144396;4685.910256027401
39;6.317718704918033;-5.995119098360655;-3.8169443606557367;-8.779266;-25.988447;-38.225342;46.528434999999995;14.665610000000001;10.10489;12.463925422971668;9.904411893482356;9.732329590991144;2.330609;-3.3308089999999995;-4.498507;jump_fast;25.84762327868853;1093.2301815475657;1.366169788685171;11755.693964666705;8078.271130560534;6571.807275453748
11;-5.725150230769231;-8.971842384615387;-8.013609115384615;-23.440089999999998;-26.366512;-23.968904000000002;11.85165;5.065606;3.007778;9.059089122852239;7.9236383487497335;5.781276017536693;-5.2701915;-9.588040499999998;-9.265009500000001;jump_fast;27.324516000000003;862.2533825979243;1.8466929508341805;5889.843831098371;7387.671979038462;5043.913186755314
30;-7.538751921568628;-6.824283254901961;-5.201245725490195;-45.320060999999995;-28.553553000000004;-27.137001;13.337593;35.263027;22.102503;13.729331074833096;13.7855230221526;9.419538095388113;-4.0797620000000006;-9.382257000000001;-5.721239;jump_fast;32.193598862745105;1084.508804525745;1.909259658082459;12323.198395401572;11877.145188814868;5816.08570846683
0;-4.848219867924528;-6.172895509433962;-8.766850603773586;-41.872002;-35.779877;-53.572906;21.114267;22.528425;8.659625;13.373812782685897;10.087588831543242;13.578890603174859;-0.595813;-4.852644000000001;-4.189833;jump_fast;29.300384094339627;1032.7807815578656;1.7337394317673123;10546.438656059425;7311.037184013021;13661.54252464643
70;4.355124882352942;-5.707163588235294;-5.8548147450980395;-16.883757;-24.715466;-37.105499;30.084959;6.599405;7.750352;11.997912528253735;8.67389152609331;8.96828333589692;3.6586260000000004;-2.498107;-2.904887;jump_fast;25.0544014117647;854.2526197727425;1.1522100998414737;8164.81800156677;5422.977237688485;5769.726940316607
23;5.349983326923077;-9.630927057692308;-4.869486134615384;-4.625326;-24.624538;-12.562319;17.448463;5.9342;8.99462;5.770536690489191;8.202368935922143;4.945219665492771;5.1230335;-10.851450999999999;-5.7607205;jump_fast;23.004228865384615;783.745571618806;1.2385448092782574;3186.614501624835;8254.468975720678;2480.233625729795
30;4.289456692307692;-7.963865884615386;-8.309812884615386;-13.931013;-29.388647;-27.515068;17.879171;11.138589999999999;6.35773;8.030125660001074;10.060990723317182;8.366778899194362;4.463810500000001;-5.6793645;-9.8596255;jump_fast;27.76120619230769;933.0838010213587;1.26419857742401;4245.399637075321;8460.404562131713;7160.907935768838
42;-4.494365096153846;-5.504780480769229;-8.807750096153844;-20.164316;-17.979670000000002;-26.550759999999997;21.513868;3.751946;4.704289;8.209148795203244;4.539189612809488;7.683733370450783;-5.0679985;-5.186443;-9.779466;jump_fast;23.140389519230762;780.3483767261985;2.0588211377288315;4487.260837142481;2626.5519827487274;7045.003695244626
12;-5.07043805882353;-8.748018725490194;-7.809093999999998;-23.440089999999998;-26.366512;-24.452254999999997;8.599805;5.965307;2.98385;8.258112146523429;8.74534894380693;6.408358504559925;-4.572684;-8.425129;-8.75773;jump_fast;26.228151176470597;817.4225848949503;1.8315823911478275;4720.997258754561;7726.975820145134;5163.432340290913
19;-5.216123307692309;-6.145458884615386;-11.955738307692307;-35.033318;-25.540989;-39.63232;22.710279;9.537791;9.260223;13.286045251778942;9.361234730539422;14.02994782399769;-2.6153555;-5.694918;-11.8863465;jump_fast;33.69858149999998;1122.0977955029648;1.7692311622602652;10417.281922822855;6433.135074623036;17471.67451421408
14;-5.514705431372549;-6.010066647058824;-6.579980627450981;-38.120056;-38.510086;-49.627140000000004;13.596017999999999;10.415956;7.695317999999999;11.340478184382954;9.63508880186997;11.438536713403892;-2.8187450000000003;-5.053641000000001;-2.136791;jump_fast;25.24850125490196;856.0288849092701;1.8659700865140139;7981.33304825859;6483.912767202537;8750.109505133578
4;7.201061788461539;-7.205387173076924;-7.733280711538462;-19.259829;-25.964517999999998;-43.223949;38.775692;7.310072999999999;12.236895;12.115814809127817;9.131416453524793;12.513056013212793;4.871786999999999;-6.7669025000000005;-6.317052;jump_fast;30.99814298076922;1040.5255220851625;1.2257572912166674;10182.916518767655;6952.236513157825;11095.19389957939
7;6.06842825;-6.829207846153845;-6.97517003846154;-32.331821000000005;-31.570902;-33.528233;20.654844;11.906686;8.867801;10.36205091096691;10.729778943501733;11.999411984149342;8.8199445;-6.9906310000000005;-3.1322045000000003;jump_fast;30.84463424999999;1038.5333695902286;1.1111222883837986;7390.919767275676;8296.716114907475;9873.23613363617
20;-4.809297403846154;-4.439928423076923;-9.191107769230769;-40.127635999999995;-21.174088;-54.197433;19.609182;8.896514999999999;9.260223;13.052923781236183;8.15554472913128;15.185551829908285;-0.7202395;-3.06042;-4.4004005;jump_fast;29.27006498076923;986.4739618148243;1.6410074493904265;9892.04554014617;4417.2325501783225;16153.426228652312
44;6.0318985744680855;-5.623998787234046;-4.695990808510641;-7.929814;-26.043482;-37.251461;36.885360999999996;5.838487000000001;6.965507000000001;10.483609925041488;10.04620296719757;9.107422646617556;0.863809;-2.711068;-0.8757729999999999;jump_fast;22.640633276595736;741.8446573241957;1.2494803465236488;6765.718164175202;6129.184957538011;4851.9362688095935
38;5.346946326923076;-7.690670019230766;-4.28862842307692;-4.3166519999999995;-29.893534000000002;-13.170095000000002;42.376888;13.804193;14.859428;8.51831814774952;7.629176963874816;5.777189808317699;3.955336;-7.4859455;-5.053641000000001;jump_fast;21.42340126923077;748.5025044133521;1.261215398667913;5187.320368576021;6044.034476376165;2658.5733812114336
35;-5.822519788461536;-4.873489480769232;-6.269287365384617;-23.413769;-13.935799;-24.887749;17.900705;8.525627;7.707282000000001;8.913511988228194;4.653163784884386;9.094667483432254;-4.985446;-4.9292145000000005;-5.3910295;jump_fast;22.940266865384615;775.2862037929583;2.0759388008614;5814.875801904037;2339.2953790536926;6262.167939972298
68;4.0020419615384615;-8.329875807692305;-7.9619333269230745;-13.406985;-32.796028;-21.671795;28.565517;4.756931;8.226524000000001;9.659099239235266;8.189184599675784;8.222271035361459;3.601198;-6.465406999999999;-10.023534;jump_fast;26.76984151923077;918.3668901548666;1.2455193326788094;5591.057776602724;7028.315175307955;6744.296669649302
41;4.028631719298248;-8.206206333333332;-5.959975578947367;-21.707687;-30.080173;-31.633115999999998;25.495525;7.042077000000001;10.975878;10.142676206604179;9.537641850762842;9.682627878169255;3.455236;-7.317252000000001;-6.070591;jump_fast;26.59429268421054;988.9937021595362;1.3574768737663063;6686.040106587763;8932.61415207037;7274.898434511619
22;-4.223654115384615;-8.506714596153845;-8.150966211538462;-31.980074;-22.949562;-24.459432999999997;11.511869;2.919244;5.816952;9.678395126124856;7.015294819280215;6.957759764700856;-2.431108;-7.526624;-7.7682985;jump_fast;25.315051269230764;810.1446603330287;1.686499623868425;5704.879155580345;6272.870478934087;5923.72047755316
24;6.953956769230771;-8.194865423076923;-6.387501999999999;-13.014563;-26.481369;-32.28157;48.823153999999995;5.766703;11.169696;11.649189029008582;9.098155329053485;10.1757709512619;6.1938215;-8.3641115;-6.01436;jump_fast;29.10068073076923;1021.963829323884;1.1645397545312186;9435.474623625449;7713.700553692571;7402.471490680029
7;5.342068576923077;-8.05069776923077;-4.137650557692307;-8.398808;-27.972096999999998;-12.983456;37.308890999999996;5.773880999999999;6.075377;7.924437587587561;8.628625289759247;4.6072081574832335;4.402794;-9.145368000000001;-4.845466;jump_fast;21.052191673076926;734.7696125852442;1.1924194634756755;4686.592492446643;7167.426091662576;1972.7926284790988
25;4.6944738571428575;-8.164750469387759;-5.527127367346938;-4.412365;-23.995226000000002;-14.802001;28.807191999999997;8.666803;4.831109;6.912514056336701;6.31655548288899;4.716067251037867;2.629712;-6.965507000000001;-4.8813580000000005;jump_fast;20.016205693877556;673.1253281966244;1.2500009519631858;3373.4429827690083;5181.640273224931;2564.4896449918697
49;6.268632294117647;-5.506025588235295;-2.86054911764706;-7.379465;-28.448269;-22.468605;38.323448;3.7998019999999997;7.9848490000000005;9.505284026091163;7.977452958528705;8.400127327663636;2.3880369999999997;-4.108477;0.461815;jump_fast;20.531497313725488;748.1908308441185;1.2168136903112732;6521.60451361478;4728.119991970312;3945.42676002611
10;-7.44547870588235;-4.850392235294116;-8.945543980392156;-65.386269;-23.633909;-40.790447;20.018354000000002;12.952349;9.06162;14.009414389226748;9.790913550985708;13.655704178217661;-5.958128;-2.912065;-9.135797;jump_fast;32.338950921568625;1075.0141103759377;1.9706492031888325;12640.377387600804;5992.940954790053;13405.073442511213
10;-6.712511711538462;-8.806783788461537;-8.118203019230771;-27.041288;-21.693331;-23.968904000000002;13.220345000000002;5.690132;4.957929;10.574860916868658;8.173292814853594;5.63327632208137;-5.955735499999999;-10.412368;-9.430114500000002;jump_fast;28.90658598076923;912.4217908705367;1.808439712116373;8046.218154799061;7440.029403533072;5045.495361762329
15;-5.809957346153845;-5.001459538461538;-5.160720115384615;-38.120056;-31.066017;-31.870005;7.489535000000001;10.415956;7.695317999999999;10.422471442644598;8.616026240223594;8.78545431099775;-3.028117;-4.4087755;-1.4823534999999999;jump_fast;22.65160942307693;782.0795185168945;1.9527878807801986;7295.314886544456;5086.790387556431;5321.312249667518
26;-6.547636980769232;-8.335581807692305;-4.799680096153848;-27.646673;-25.974091;-25.545773999999998;14.876179;2.139184;8.85823;9.708908063408094;8.864801359933024;7.044711789377556;-5.255834999999999;-6.806384;-3.12383;jump_fast;23.882302769230765;799.5985382073529;1.9818943665160877;7036.728286629961;7620.879912486599;3728.9464832867525
23;-4.548571826923077;-7.742759980769231;-8.12054975;-31.980074;-22.949562;-25.586451999999998;11.511869;5.142176;5.816952;10.47225965257939;8.16149789091298;7.402882060772015;-2.1367905;-7.127022;-6.345766;jump_fast;26.10790382692307;833.206190693649;1.6390904328991913;6668.933628346425;6514.529709221906;6223.988871686407
34;-4.318216730769231;-5.229099711538462;-6.352760076923077;-30.960732;-13.935799;-27.739991999999997;19.905891;1.773082;5.699704;11.06601534679083;3.4013451802224313;9.406343258176436;-4.7449675;-4.7509495;-4.767699500000001;jump_fast;23.26702525;777.8050022661845;2.052890404092567;7214.935256588474;2011.8877580331448;6611.0371189599855
20;5.27778453846154;-8.806829750000002;-3.686925519230769;-3.2997019999999995;-24.58386;-14.127225;27.479176000000002;7.415358;11.150554;6.300807675375615;7.333148934118685;5.694518512418709;3.723232;-8.587840499999999;-4.359723;jump_fast;20.733762230769234;736.6436131907823;1.2018231175511664;3473.1695464557165;6775.6617505534905;2360.662424288713
56;-4.803085384615385;-6.942636884615383;-6.466879307692309;-28.029524;-26.416760999999997;-26.146373999999998;16.845472;4.275974;5.335995;10.225702922681707;8.14843960212677;8.755219507598708;-5.003392;-5.4616175;-7.6570325;jump_fast;25.26517015384616;854.8308087941081;2.015890848860074;6532.435732429112;5892.661224829246;6084.014754911551
8;5.079962538461539;-7.277724134615385;-5.299365961538461;-2.907279;-27.972096999999998;-12.983456;30.242886;5.8504510000000005;4.87418;5.899054608405822;8.852744838033624;4.250554640454916;4.353741;-8.159525;-5.203193000000001;jump_fast;20.458955750000005;695.4042669563428;1.197604923306636;3116.654117313628;6751.119615671167;2381.7584912303814
54;5.220770884615385;-5.196796673076922;-3.701788653846154;-4.95075;-27.646673;-28.730621000000003;26.373692;4.575076999999999;6.3338019999999995;7.876728426862786;8.043971831083423;8.037005079380664;1.825724;-2.522035;-0.232104;jump_fast;18.974853442307698;703.524976605434;1.1576981912226467;4581.520714979643;4704.32779817022;4006.834423308217
34;6.8316494313725515;-9.121158470588234;-5.251072725490195;-4.39083;-28.692337;-23.129025;47.954559;6.003592;7.850851;11.774591363839997;7.583450217404147;5.522835834971273;3.98405;-9.781858999999999;-5.319245;jump_fast;24.126877803921566;812.3970982143512;1.2347554589261458;9312.293220882588;7118.40798411711;2931.3477861898796
24;-4.845278137254902;-7.0790954117647065;-7.643004019607845;-19.046867000000002;-22.805992;-25.586451999999998;9.817751;5.142176;5.268994999999999;8.032220091561767;7.403507975994664;6.8875336187557;-2.29711;-6.338587;-6.381658;jump_fast;23.482504470588236;733.5878728735838;1.7416857550809624;4423.140711559802;5296.389701823105;5351.097000105324
46;6.8306805;-8.494750403846153;-7.88784775;-10.908878;-32.051860999999995;-29.898319;37.507496;7.594819;5.331208999999999;10.493004050075971;10.641043891734698;9.367470910186157;4.348955;-8.334201;-6.860222500000001;jump_fast;28.36014807692307;1012.9670011516966;1.2604197626112403;8041.4860305806205;9527.183360426552;7710.568464525738
64;-3.8745319615384606;-5.8293760961538466;-6.517910884615384;-38.407196;-27.828527;-33.566517;19.654646;13.349557999999998;5.41735;11.32849374438569;8.593509001062486;8.031658650464847;-5.178068;-5.8576295;-5.4963135;jump_fast;24.56513136538462;855.6473469426935;1.8490079359101148;7325.697188236992;5533.312779379755;5499.009014145887
6;-5.91399923076923;-8.054609230769229;-6.07505469230769;-35.341991;-22.911276;-16.689938;9.985249000000001;12.033505;3.773481;11.370404033947597;9.011484694646533;4.840441490106571;-3.5617170000000002;-10.80838;-6.267999;jump_fast;26.00528873076922;872.0829501225671;1.8011120978562891;8412.310601535828;7515.139629234714;3114.0506195319444
76;-7.852231596153844;-5.248610346153844;-5.676281576923076;-27.541389000000002;-32.520851;-30.64488;3.507878;8.185846000000002;6.02752;7.639448746508839;8.540457484502705;8.676105119164758;-4.5535415;-4.761717;-6.2309105;jump_fast;23.744807288461537;805.8137113011917;2.1446351535046877;6182.612168738426;5152.401465693679;5514.463774085492
16;2.902033692307693;-8.155107769230769;-3.931453538461539;-5.534599;-23.456841;-12.854242999999999;16.419548000000002;2.1415759999999997;10.80838;5.489428759530161;6.1182982308053715;5.371639146189803;3.2099715;-7.170093;-3.7363925;jump_fast;18.84536496153846;658.934758173602;1.344903818685508;1974.7588100708278;5367.412937138824;2275.3088630650664
59;4.808699250000001;-6.437107096153848;-4.758726076923077;-10.047462;-31.355549;-18.759729;18.477377;4.5631129999999995;6.833900999999999;7.980071870136771;8.788126972731487;7.548058653761894;4.286742;-4.0761734999999994;-3.7591245000000004;jump_fast;21.88977180769231;778.5906830114382;1.0681843591170723;4450.185500481387;6093.480044033803;4083.1973029818796
18;5.5871488653846155;-10.109031423076923;-3.3019111153846152;-4.955536;-29.005796000000004;-13.284951000000001;25.22035;2.4263220000000003;6.4558349999999995;7.246514771137491;6.433962462012664;5.0692776478059445;3.711268;-8.9336035;-2.6045875;jump_fast;21.2493694423077;762.4304985533852;1.208272913964306;4301.354879830373;7425.200369355337;1877.5124541206178
12;-5.030977245283019;-6.117860566037735;-9.785786716981132;-49.871208;-21.004198000000002;-37.194035;14.266008;5.316852;9.02812;12.421691265150653;6.576119417388698;11.629978652280277;-0.5814560000000001;-6.628119;-10.234102;jump_fast;28.78055464150944;999.2089964867403;1.8001964648049633;9364.98632036488;4232.453571761764;12108.698928052687
13;5.294902365384616;-8.50142280769231;-4.602272307692308;-4.4004010000000005;-21.78665;-10.566705;40.565521000000004;3.493521;8.398808;8.98333853760222;6.590747818687506;4.2610482851757725;3.8404805;-8.194221500000001;-5.3754764999999995;jump_fast;21.106260403846157;746.1929053502145;1.2223056117199567;5573.590470405318;5973.5936645540905;2027.3904974144455
27;-5.234851653846155;-7.5456281923076896;-4.1109153269230765;-34.863426000000004;-33.712478999999995;-25.545773999999998;14.876179;2.711068;8.85823;9.708482776316199;9.328871283368812;6.13652236274153;-3.0436705;-3.35713;-2.6919255;jump_fast;20.52995813461538;684.17725675599;1.893408316944078;6231.977464283786;7399.118060965355;2799.2827330365853
28;-4.5154864807692325;-5.342988865384614;-7.0575843461538454;-27.993631;-20.3701;-25.962126;20.08296;9.41815;5.9748779999999995;11.086786561897291;6.538731474881563;8.975277252211345;-4.99741;-5.3527439999999995;-5.6243295;jump_fast;24.783752576923078;834.7393561625325;2.024948662204391;7329.018793938887;3664.9770351433954;6698.429523217128
25;-6.195627666666666;-8.402373274509802;-6.338024235294117;-27.646673;-25.658237;-24.928427;12.002398;2.940779;5.268994999999999;9.588251056674796;7.7348574625509325;6.826558903065275;-4.2041889999999995;-7.853244;-5.819344999999999;jump_fast;24.559884666666676;787.8017531004006;1.7836047097895271;6554.403827673507;6591.994707153019;4378.793434416944
83;-7.112970294117648;-6.762820549019609;-10.636049764705882;-35.598022;-26.538795;-48.46423;14.828320999999999;8.126026;6.183053;11.919857085068953;7.91770937590195;13.166939757195054;-4.307081;-6.594619000000001;-7.401;jump_fast;30.936710137254906;1022.1532098983449;1.9503050702831382;9684.461313078431;5467.028918752617;14437.818412942492
68;-5.227903307692307;-6.127052480769231;-6.118907673076923;-34.466217;-31.401011999999998;-24.985853;16.972292000000003;7.745566999999999;10.258030999999999;11.725474223024909;9.12779900363308;10.717394596860865;-3.85723;-4.741378;-7.188039;jump_fast;27.511570499999998;942.313124050856;1.8273747713627562;8433.034629214068;6201.272596496198;7804.92351199121
69;-6.412764615384618;-4.423592807692308;-5.583835692307689;-38.191841;-31.401011999999998;-36.72504;6.984649;8.927621;9.401401;11.411972206997739;8.776123321732637;10.504670347041312;-2.812763;-4.4757750000000005;-4.401597499999999;jump_fast;25.478499384615382;890.5908454953557;1.8311719463398741;8780.313192958845;4945.582381541125;7249.072548112305
11;-5.6254320784313725;-6.884666823529411;-10.25075839215686;-65.386269;-23.633909;-40.790447;20.018354000000002;7.683353;9.06162;15.004638453317558;7.663040338198462;12.774290314866485;-2.244468;-6.628119;-11.313266;jump_fast;31.99536984313725;1063.9016177729452;1.8569251609369768;12870.878545260077;5353.4398620641705;13518.10508075768
5;6.263903615384616;-7.638810192307692;-7.477892865384616;-21.233908;-23.56691;-34.193436;27.759135999999998;7.310072999999999;9.985249000000001;10.427512088911444;8.710582207811537;11.36944693384422;6.263213499999999;-9.3296155;-6.5790655000000005;jump_fast;29.533413442307708;988.1704506356248;1.1507741308933153;7585.680828731191;6903.860262364592;9500.262351377336
28;4.8821865576923065;-8.708171865384616;-5.782670115384615;-4.972285;-26.641687;-15.828522;40.072601;8.489735000000001;5.2354959999999995;8.200761532030537;7.1990186106442975;4.038015452564907;3.1657045000000004;-8.165507;-5.5489555;jump_fast;21.125863153846147;725.2124240979975;1.314138943640025;4669.335745340622;6586.396693104509;2570.426239047642
14;4.4723236153846155;-9.651220038461538;-5.0346829615384605;-4.4004010000000005;-29.967709999999997;-11.009377;33.422947;4.979464;4.59422;6.672576559172101;8.325248271896708;3.8323835055085853;4.180261;-9.9637135;-5.7104715;jump_fast;21.554178384615376;771.8868775286782;1.238812525401113;3310.774457916463;8378.392206226357;2067.143021204704
49;11.341841288461536;-9.27978044230769;-2.405154807692308;-3.2901309999999997;-28.709084999999998;-17.8361;41.931824;8.310273;17.453249;11.839992995592565;9.550774184985903;9.002653959741881;7.009774;-8.896514499999999;-3.7220355;jump_fast;30.342095576923075;1049.4695776676897;0.9976266143026548;13838.600059177574;9130.026567148938;4434.2447160078655
3;-7.4016907115384605;-9.208501807692308;-6.690009961538461;-32.848671;-27.357141;-17.218752;9.071191;4.455436;1.292124;11.821312749488575;7.140548541007411;4.549942162993808;-3.851248;-10.509277;-5.7810595;jump_fast;26.70003536538462;900.66087302816;1.9044454684727454;9975.736511424562;7009.777394988805;3383.124788861187
15;-6.009021846153849;-7.120948173076924;-6.9080330192307695;-28.486553000000004;-24.071796;-19.850857;4.52722;9.186047;7.393822;7.521427507849859;9.1924826361622;7.036395212549939;-4.3788655;-8.065008500000001;-6.52762;jump_fast;24.930497038461546;800.1622920976665;1.8617406551879532;4762.799324020683;6946.399537772995;5006.541587075676
21;-4.547973576923076;-8.459042153846154;-5.9994045384615395;-22.724636;-21.212372;-25.17728;8.23131;2.0243279999999997;8.834301;7.125175872939011;6.187777294740367;7.41471717647343;-2.262414;-8.2157565;-6.421139500000001;jump_fast;22.365759230769235;734.5719726192207;1.8595595750839704;3664.7460023682306;5673.598476662925;4675.508021599466
46;-5.2863895192307675;-5.49649773076923;-8.175952788461538;-34.480576;-23.746372;-33.997223;35.392239000000004;12.363714;8.355737;11.73734399600841;8.442697446986907;9.979873978986022;-5.286941499999999;-4.7282174999999995;-4.5128635;jump_fast;26.674680538461548;904.8595929127453;1.9780854221467439;8479.21498386208;5206.2334890755865;8555.494724414462
61;2.6252548823529414;-9.547643901960786;-4.733190921568627;-13.808979;-32.841491999999995;-22.002005;18.015562;1.995614;7.513463000000001;6.973897731844053;9.951512699625805;6.3825234675472915;2.4574290000000003;-6.276374;-4.809574;jump_fast;21.746159862745095;786.4822896298147;1.2533432585107378;2783.252601774198;9600.662958551777;3179.3882019905986
44;-3.761057057692308;-6.083199365384614;-8.272171846153844;-48.155556;-24.265614000000003;-49.808994;22.179073000000002;17.094324;6.1878400000000005;13.466944523004162;8.469986693181578;11.368409290786365;-2.8342985;-5.5597235;-4.892125999999999;jump_fast;27.774596769230776;936.8445177100408;1.840021828375439;9984.85694401255;5583.050758705142;10149.576226664343
40;-10.463675384615382;-10.608119019230768;0.9268965961538461;-30.594631;-40.520058;-16.627724;4.981857;21.808186;18.893728;8.847785624707921;16.130683725977374;9.402365684074226;-7.0947189999999996;-14.890535499999999;-1.0289139999999999;jump_fast;35.50378203846154;1208.7624463492273;2.031344144210581;9685.8509663397;19121.820665403673;4553.303642907886
64;10.865185479999997;-7.918998780000001;-0.3015913599999997;-3.5054849999999997;-34.643288;-20.133209;28.907690000000002;25.931019;19.020548;8.611263496904177;17.423345742799235;12.167455752293032;10.8071835;-13.328021999999997;-3.007778;jump_fast;38.58900309999999;1239.4857962421445;1.1496952507401368;9536.151867382743;18010.60295066496;7258.849862137765
69;10.582074000000002;-12.364082634615386;-1.9332626153846149;-4.804787999999999;-43.372303;-19.712072;26.562725;23.696123;17.158932;8.987750363949608;18.573542835311464;10.531284506845184;10.576276;-15.245869500000001;-4.791627;jump_fast;39.53867905769231;1341.6368025649367;1.1958284336967948;9942.73757419524;25543.069214783714;5850.655847252264
40;12.129908250000003;-8.774296538461535;-1.6417064423076924;-4.608576;-36.227333;-20.757735999999998;29.173294;24.19383;21.487547;9.430855321753965;16.51688930880444;12.951826725734282;12.269198500000002;-9.576076;-4.3633120000000005;jump_fast;39.88071469230769;1302.2446378833376;1.147199344822633;12186.995693070348;17916.579801136842;8695.39099442684
61;13.24178846153846;-10.965661865384616;-0.10574436538461572;-5.046463;-30.855448;-19.716858;26.641687;25.208387;19.097118;10.016258372079092;16.04314094290229;12.814254241787317;12.4737845;-16.4016025;-3.5784665;jump_fast;42.42124819230768;1398.492121036064;1.107872421054409;14234.535026915395;19379.279424594635;8375.042157713526
21;11.08401465384616;-10.275608615384614;0.0008283076923077692;-5.161318;-29.56093;-24.210579;30.821949;20.638096;20.748165;8.970059855247326;14.286644019991982;11.778810565917954;12.222538;-13.7443735;-2.6476585;jump_fast;37.29839876923077;1211.3028306473445;1.1408887439487465;10492.040468169867;15900.100950714064;7075.759331413674
54;-11.096162769230773;-12.008150326923074;-3.5772238846153854;-28.228128;-36.550365;-28.682765999999997;3.227918;12.952349;17.465212;9.29048102789507;12.553199773271034;12.447831573465773;-11.1936245;-14.849857499999999;-3.8715870000000003;jump_fast;38.005478057692294;1261.0689296955497;2.0492971774918702;10804.45599067927;15534.899114177353;8567.793652424407
14;10.901746941176471;-9.861432019607847;-2.5513588627450985;-4.828716;-36.636509000000004;-24.593431;34.243687;19.87957;15.536597;10.035036011574672;15.956821327898371;10.462038044628612;8.092526;-13.641482;-5.008178;jump_fast;36.98581276470588;1205.1431291882848;1.156947407742281;11096.349792522007;17690.6472598683;5804.6930367347295
11;9.942178098039214;-8.023697352941172;-4.0049751372549025;-4.682754;-40.266418;-29.994032;34.203007;16.139589;19.204794;9.522490209073753;15.895942350309687;10.880481789842534;7.561319;-8.439486;-4.012764;jump_fast;34.33545678431373;1122.0857323340126;1.1948386370416042;9575.083161084944;15917.41484000981;6737.2753173062765
31;8.395770365384617;-11.236557038461537;-1.3290289423076938;-3.196811;-24.760929;-18.465412;24.335007;3.223132;23.605196;7.915503286711909;8.05075091071708;13.002624020835416;6.4905314999999995;-11.7032955;-6.1543399999999995;jump_fast;32.18203792307692;1106.255321703475;1.1378022540937818;6860.840727849366;9871.075233634183;8714.32833512107
7;8.777195596153843;-11.890764076923075;-2.538278711538461;-3.732803;-27.680172;-19.001404;24.234509;7.022933999999999;20.34617;8.513318184414992;9.877991549269549;11.46684065117382;7.192825;-13.512269500000002;-7.910671499999999;jump_fast;33.00558334615385;1122.2071969662138;1.1291165874375362;7702.3423636870475;12328.604626737779;7040.938818997398
23;-7.954727705882351;-7.020635372549018;-3.4889230196078427;-31.252657;-21.391834;-19.716858;3.893122;10.51167;20.238495;7.840907605885112;7.153661609722541;11.651583465965217;-5.8073809999999995;-7.858028999999999;-5.692525;jump_fast;27.554384921568637;932.0848073400177;1.9852071840343686;6301.153940812698;5072.499094069519;7408.771638891927
6;-8.712635403846152;-10.669182;-0.886816846153846;-28.663621999999997;-49.033722;-20.137995;8.688339;14.476576999999999;15.493526000000001;8.711551974128925;13.683535332057827;10.264304607187663;-8.745766499999998;-12.5754795;-0.8626125;jump_fast;32.294316596153855;1077.6699023467695;2.028995103429381;7817.768843073809;15468.431214921866;5414.048496694187
0;10.694950942307694;-9.763406499999999;-1.024864384615385;-5.539384;-32.166714;-23.743979;32.504104999999996;19.135403;14.773287;9.749872871959033;13.022144835430911;9.714949633516582;11.580065000000001;-13.482358999999999;-1.668994;jump_fast;34.11336809615384;1122.3616413196748;1.1324223405073488;10795.923806222641;13605.242599042536;4868.01060982632
60;-10.137357333333334;-11.74852456862745;-3.2929931568627446;-30.7047;-30.046675;-24.318255999999998;5.180461;14.641682000000001;16.979469;9.580810656922342;11.57612960829265;10.830942526116733;-9.013762;-14.983854999999998;-6.04427;jump_fast;35.4542185490196;1170.916803362918;2.044632795029071;9830.663341077878;13739.758141921271;6418.499800690585
15;-9.09995053846154;-10.488109865384615;1.0050775192307695;-32.930027;-49.445285999999996;-14.907285;4.287938;17.855242;21.650259;7.920798193295625;16.03771831261094;9.923983388268283;-7.435696500000001;-11.2295165;-1.3663015;jump_fast;32.969552846153846;1143.4257234856111;2.0184481168301724;7505.764434691895;18837.65216692314;5075.287163444349
88;9.090739584905657;-10.294058547169811;-0.2511560943396225;-4.6971110000000005;-35.179279;-20.331814;22.872992;22.834707;17.168503;6.792705935204895;15.43154806787737;10.0917395263193;8.334201;-12.526425999999999;-3.0795630000000003;jump_fast;33.934469094339626;1164.724773508386;1.1707868558069325;6779.326352582976;17999.184132848583;5299.189954025283
31;-7.6036540961538455;-8.2504065;-2.6151711153846153;-22.277179999999998;-17.580069;-27.160931;5.371887;6.235696;13.679767000000002;7.733811486875078;5.122963966169162;10.7155902490672;-5.198407;-8.470592;-3.7686954999999998;jump_fast;26.577403173076927;902.3585639818648;1.9892802044621318;6056.812737766339;4878.081535324647;6211.651831743688
34;9.357766411764704;-9.341251156862748;0.40321413725490163;-2.4119650000000004;-26.182266000000002;-21.382263000000002;26.708687;4.555934;24.851856;7.71552857345269;8.088397841638937;13.021583853503138;7.310072999999999;-9.29133;-2.06022;jump_fast;31.448070411764718;1045.7078366817302;1.0657341889996836;7442.426461462984;7721.3166141865395;8486.373966355275
72;-10.172358235294118;-7.570140019607844;0.4289252352941176;-39.768710999999996;-27.137001;-19.975282999999997;9.446864;16.323835;24.375685;10.139757533536228;9.146889342586528;12.43799340638;-9.221938;-10.107283;1.509871;jump_fast;32.3603925882353;1061.0778886848896;2.0596242803038454;10418.054617370195;7105.937248016033;7744.566818588696
17;11.047846250000001;-10.300365192307689;-0.8187134615384615;-5.668597;-45.367915999999994;-18.364914000000002;35.073994;20.874985000000002;19.365114000000002;8.905471744676397;16.93640213495777;10.810100049420129;10.0486585;-13.934603;-4.348955;jump_fast;37.830434211538446;1267.560935410541;1.1534891891022772;10391.533928465946;20145.99878206211;5994.626587071551
53;-12.21816653846154;-11.90866411538462;-3.55182323076923;-31.850863;-39.596428;-28.682765999999997;1.6510479999999998;15.739987;14.019547;10.408514265553512;13.263633060558227;12.155718058898044;-9.266206;-15.8297185;-3.1405795000000003;jump_fast;38.81162934615385;1298.534394851789;2.090881355719527;13287.942495230003;16346.568672900352;8191.838867555285
64;8.73783768627451;-10.013212058823528;-1.6415232156862747;-0.739382;-26.735008;-19.255043;34.226936;10.432707;26.065018;9.249539076495717;9.150376217357609;12.977493191395359;5.02732;-9.554541;-7.408179;jump_fast;31.45567119607843;1082.4437860319056;1.1270315855948811;8171.538835396696;9299.9544484426;8558.19099848513
47;12.869820117647055;-10.42369845098039;-0.4195414509803918;-4.893322;-33.293735999999996;-22.992632;27.036503000000003;32.544781;23.301308;9.890077001251282;16.72846641745837;13.559498795886892;11.839686;-14.206188000000001;-4.491328;jump_fast;42.23435198039217;1368.961237769657;1.1242566001466343;13337.926917424216;19533.407393247144;9201.977146266523
118;10.31416994230769;-10.60503588461538;1.9386005192307687;-4.398008;-29.374290000000002;-17.101503;26.971897;6.273981;21.78665;9.105134680643754;9.591895432306101;12.884110776503716;7.4787669999999995;-9.540184;-2.137987;jump_fast;33.920561500000005;1128.5682052717636;1.0713779684167792;9759.946638323527;10540.500235125994;8661.440778166592
10;8.628987764705883;-9.682861784313726;-3.8636578235294117;-4.52722;-25.660629;-16.094126;24.949963;7.956135000000001;17.039289;8.179443047764472;10.980870654130651;9.843746847779835;6.726224;-12.332608;-8.169097;jump_fast;30.880689960784313;1026.5654928861281;1.1017130793596177;7142.595350596763;10810.624445177667;5606.288040802097
27;10.149893423076925;-9.973606807692306;-0.3902601153846159;-2.134398;-25.641486999999998;-19.367506;27.653851;11.32523;23.617159;9.108248820929306;9.358674321724347;13.04380129865531;7.3160549999999995;-10.359725000000001;-5.6709895;jump_fast;33.83359180769231;1137.868624186916;1.0621298812353144;9588.027523772616;9639.411341296447;8685.098122057221
85;9.405495538461533;-10.193240326923075;-1.0827062692307694;-3.95055;-38.837906;-15.359529;28.687551000000003;19.116260999999998;17.8361;7.72553680356926;15.630659608252866;9.70796306143722;9.334401;-11.715259499999998;-3.6957145000000002;jump_fast;33.89332036538462;1140.7947867317696;1.169202475928416;7643.973872917492;17863.10522408782;4867.429035916148
27;-9.124568942307691;-8.091467846153845;-0.9172333076923078;-39.397822999999995;-33.413376;-23.56691;9.669396;19.688145000000002;19.841286;9.751176889429145;8.245610707763516;11.53217085792155;-8.490931;-9.144171499999999;-0.64008;jump_fast;30.37946032692307;1016.3961549455177;2.0201762394570393;9178.761423087948;6872.031192220963;6826.287680429528
58;-9.855208192307693;-12.092681403846154;-2.2199871538461533;-26.045873999999998;-36.270405;-24.318255999999998;12.335001;14.641682000000001;16.778473;9.231282548614645;12.474259461033137;10.939259476921958;-8.386842999999999;-14.977872999999999;-2.7768705000000002;jump_fast;35.55789675;1207.2087917353263;2.035561410823281;9396.552134824113;15540.077667976093;6359.3111271633525
60;-7.448340803921569;-7.540769411764705;-2.57707;-24.361328;-20.690737;-22.04986;8.863014999999999;13.92862;19.558931;8.282366147870048;7.497709653249297;11.14245877170105;-5.221139;-9.688539;-6.113662000000001;jump_fast;27.90336162745099;939.1571671925093;1.9852131925030205;6259.2462676687;5710.805871613101;6546.425152982781
22;11.593731865384617;-10.355354057692306;0.6188667307692308;-11.069198;-32.949169;-24.210579;30.821949;27.596424;21.798614999999998;9.983941908032063;15.655061960703643;12.741992725195313;12.9882415;-14.800804499999998;-2.4335005;jump_fast;40.25404107692306;1318.3424586501924;1.15541825195346;12073.194062625505;18075.26381299553;8300.193102639001
71;-10.18969723076923;-7.941318134615382;-0.14936730769230747;-34.686355999999996;-27.137001;-21.60001;9.233903;13.509876;20.805593;9.662001178657224;8.914940866588488;11.684260605617794;-8.885746999999999;-10.3429755;0.7633105;jump_fast;31.640984057692314;1056.9743723003578;2.067855208582098;10160.22394764185;7332.640456582147;6963.779391715163
42;12.04743978431373;-9.85331529411765;-2.2150969803921576;-3.65384;-29.300114;-21.611975;28.828728;21.750757;19.901106;9.486175171096459;15.700729623035874;12.710935384140756;11.052447;-11.952149;-4.350152;jump_fast;40.049798568627445;1279.01043294608;1.1489201700964424;11901.557042026272;17277.124471333736;8328.633303249737
4;-7.250068461538462;-10.494920134615382;-1.8739022115384623;-30.520452000000002;-35.956947;-29.881569;7.601997;10.078569;12.411572;7.335935756006959;10.710311807643667;9.891440449999765;-8.755338;-12.319447;-2.648855;jump_fast;28.750822346153857;953.0527174781201;1.9973048902627684;5477.915244473054;11577.703858726196;5172.4687968877215
108;10.815784113207549;-8.45158494339623;1.4795769622641513;-5.316852;-39.227936;-13.179667000000002;29.522646;34.597823999999996;18.989441;9.62790810558358;17.12529960631759;9.539212087544419;9.848858;-13.88555;-0.698704;jump_fast;35.59815809433963;1252.9038938043568;1.1605351086805566;11020.226810583401;19036.09837045776;4847.846340384914
102;10.824945615384612;-10.96184273076923;-1.6593303846153853;-3.706482;-35.676987;-25.342384;29.2379;28.682765999999997;14.935998999999999;9.118007669000738;15.404071714770966;10.553303627651752;10.369297;-14.9874445;-1.887937;jump_fast;36.87298284615384;1238.1831779897373;1.1256948657083656;10333.372530403574;18349.980489898295;5823.158711243794
60;14.043337999999999;-12.230820865384613;-0.5653043653846155;-2.254039;-33.403805;-21.176481;33.174091;24.186651;22.171894;10.203985577332668;16.38540129270168;13.3598664737699;13.968102;-18.2859505;-3.065206;jump_fast;44.93656503846153;1470.0687138421579;1.086372277534384;15565.385198259759;21471.385061805006;9119.4052313722
11;-7.949801372549021;-8.439626176470586;-3.8791408235294127;-27.60121;-22.557138000000002;-24.823142999999998;5.15414;1.138984;19.846071;7.930638302020652;5.492245876051012;13.141732190123195;-6.601798;-7.846066;-3.699304;jump_fast;29.20299280392157;986.4668219874666;1.9997931009497165;6367.917628885945;5140.830028076912;9402.690657813404
52;-7.829315807692307;-7.9383271346153865;-1.771609115384615;-24.803998999999997;-17.410176999999997;-21.530619;6.709475;11.586047;23.105095000000002;8.0415078338512;6.380425638083944;10.997007103478877;-5.4867425;-8.690732;-1.0205389999999999;jump_fast;27.312920134615396;940.6809449994868;1.9994023963153833;6485.463933198597;5353.0873576799495;6330.849567533326
39;8.233610634615385;-10.850806480769235;-3.926391923076922;-2.447858;-22.762922;-20.755344;21.552153;6.539584;20.657238;6.8821945833424785;7.541913883968529;12.43789260427122;7.2813595;-11.370693;-8.281559;jump_fast;31.59956984615386;1068.8225842755794;1.1326220652258208;5940.796608719896;9023.38378341444;8691.420577952014
46;-10.244916230769231;-9.558176115384613;-3.005431269230769;-29.230721000000003;-36.923645;-35.877983;4.778467;20.642881;14.541182999999998;9.191964594708791;13.621967182356624;11.544468587748565;-7.564909;-10.6360965;-4.281956000000001;jump_fast;34.80917342307692;1159.253130850507;2.056728657018032;9766.934914554276;14214.11147971811;7266.708593580819
52;10.63881165384615;-8.848750326923074;-1.4731965;-3.8165519999999997;-39.031723;-19.779072;26.510082;26.400013;20.884556;8.777733963244913;17.19436051121223;11.983996868496149;7.872386499999999;-9.1549395;-4.9782675;jump_fast;37.77070555769232;1266.3362499281598;1.1458310916576553;9815.063587117327;19149.567584973764;7437.281240386237
128;-6.094427326923077;-10.334324942307688;-0.19938653846153856;-36.258441999999995;-22.236501999999998;-19.216759;7.484749000000001;5.503492;18.080168;10.281016492210071;5.8324963116420445;9.120162409773931;-2.784049;-9.944571;0.1591225;jump_fast;26.92601911538462;913.0306434178698;1.8638342719041892;7322.050616811499;7288.4288191777705;4244.11274098275
89;8.722436653846154;-9.270761211538462;-0.616197884615384;-5.826523;-25.868805;-18.135202;29.553753000000004;8.283952000000001;24.557539000000002;10.053839241463622;8.783926002110116;12.340222264091775;5.058427;-8.3880395;-4.1120655;jump_fast;31.141436173076922;1072.450781221069;1.1217112767628266;9111.270719531543;8404.269855488892;7786.07975320274
58;11.41643296153846;-10.801523596153846;-2.2383475;-3.101098;-32.219357;-23.504696;27.641888;23.289343;20.051853;10.602872098198935;15.749601216797444;12.350976032086079;10.213763;-13.6881415;-5.608776499999999;jump_fast;40.28749471153847;1335.9925517387412;1.160815427984727;12510.882694664735;18717.53828680548;8040.407431802731
26;10.714461615384616;-7.182839403846154;-0.43158228846153857;-5.73081;-35.92823;-20.410778;29.252256;27.354747999999997;22.356142000000002;8.080728451645959;17.051507736627904;11.901123116300173;10.043872499999999;-6.421139500000001;-2.5124635;jump_fast;36.647137115384616;1222.4051566879516;1.1455894330157599;9299.790548563877;17511.295179581488;7233.158993025166
67;10.952179346153848;-8.479979403846151;3.2480266346153845;-0.8757729999999999;-30.305099;-20.994625;26.495726;15.189638;29.757143;8.529361756727113;10.541853381129785;14.847264260264092;8.518449;-6.5347990000000005;4.1934214999999995;jump_fast;35.23385319230769;1219.5813403900918;1.0603724553648533;9947.662697209651;9406.986944033173;11791.087261716782
107;7.596521730769229;-9.834455096153848;-2.8913581153846155;-5.06082;-26.021946;-19.367506;26.500511;8.102098;22.399212;8.3651884605063;8.285599736352893;11.021670633305874;4.4997025;-8.3653075;-7.786244999999999;jump_fast;28.928397519230778;1006.6312538918846;1.1657285164883426;6569.566682083731;8530.467678533456;6630.055892075757
123;-4.866034903846157;-9.189727346153845;-3.640679692307693;-26.478975;-24.349363;-18.661623000000002;11.059627;10.200603;10.444671000000001;10.812354701127173;7.339397025261734;8.223970257647476;-0.2045865;-8.931210499999999;-2.7708885;jump_fast;26.03377232692308;890.1570850980784;1.7603134734656072;7193.529098975683;7138.660795641149;4138.554555075229
161;8.580802882352943;-8.718929725490195;-1.7590999803921559;-5.584848;-30.09453;-23.093132;31.927433;10.858628999999999;25.603203;10.335734671323959;11.013955239328093;13.399379950626898;4.790431;-8.724232;-7.599605;jump_fast;32.95034090196078;1107.9099362288687;1.1631371156086712;9096.509643196034;9942.367014155996;9134.985222854903
25;-10.346612019607845;-10.06158470588235;-0.47945594117647106;-29.886353999999997;-45.075993;-20.561525;4.168297;14.914464;15.984055999999999;8.98520178779895;15.368936723531528;9.415970068510688;-7.874778999999999;-12.490534;1.368695;jump_fast;34.346013411764694;1141.7091593933687;2.0805457634441145;9496.363952872241;16973.22062707173;4444.748394530458
52;-10.846481038461544;-10.951811134615383;-2.2585945384615376;-31.850863;-39.596428;-33.001808000000004;2.031507;15.739987;14.455042;9.10769806179019;12.411033968140785;11.72431002406308;-8.428718;-13.4991085;-1.725225;jump_fast;35.28548301923076;1171.6934363275623;2.1034290463405;10348.058210942268;14092.714662746417;7275.6966855943965
126;8.776781346153847;-10.232905980769234;1.1734493846153846;-2.445465;-23.715265;-19.252651;20.697916;6.453443;19.96332;7.52599250145586;7.807785794338007;12.157787596869996;6.0598235;-10.2831555;-0.21176499999999998;jump_fast;30.732631673076924;1035.8888725710597;1.1096753924540697;6894.327041236556;8554.080439709243;7610.004901610119
14;-9.759357326923078;-10.978224288461538;0.6976459038461537;-32.930027;-49.445285999999996;-16.161123;4.287938;17.855242;21.650259;8.921407778073219;15.24249353062121;10.186088531652658;-9.952946;-14.6069855;-1.5900305000000001;jump_fast;34.517248865384616;1189.6073935335107;1.9959748391893337;9011.910236473424;18116.12730402638;5316.885288279927
22;-9.675746538461537;-10.188592750000002;1.7462082692307692;-29.551359;-36.105301000000004;-11.949757;2.445465;17.501104;15.244673;7.45717023734046;14.488599870391013;8.686469161839472;-8.0590265;-12.478570000000001;3.8476584999999996;jump_fast;32.74527167307693;1109.6436180910155;2.066463934347733;7704.322481363118;16103.881792137352;4006.752724094552
36;-8.833081274509803;-7.964862058823529;-1.3795796274509804;-24.437897;-20.958733;-28.922046999999996;5.793024;16.457834;19.999212;8.269573485712062;7.809991495570815;11.893818929599396;-8.489735000000001;-9.41815;0.978664;jump_fast;29.811238960784312;989.7277576892412;2.0261149365038533;7398.481846686479;6285.18876646484;7170.211673877215
20;-7.474349692307691;-7.8534739807692295;-2.217916442307692;-25.478775;-20.53281;-20.508882999999997;2.507678;6.4223360000000005;18.594625;6.875480176057791;5.945734364110002;11.51925349209593;-5.895915;-8.0039915;-1.5577275;jump_fast;26.520665653846155;917.4725969292034;2.010805732186642;5315.910583010352;5010.146399020691;7023.149225716435
48;-9.456020903846154;-10.197519903846151;-1.7020330769230774;-23.145773000000002;-38.663227;-24.071796;0.952343;13.677373999999999;14.718252;8.143536328266284;12.029836221633232;10.703052691013927;-7.2957165;-12.216556;-0.573081;jump_fast;32.40756153846154;1080.5003754234456;2.0503293205105293;8031.825609786152;12788.014369330866;5992.961845174534
39;-9.921056788461538;-11.28409153846154;-0.18797469230769165;-30.594631;-40.520058;-17.694923;4.981857;17.826529;16.572689;9.297632380737491;15.784956442627793;9.65173812283215;-8.603393500000001;-15.115461;-1.146162;jump_fast;35.61210328846153;1198.816870701471;1.9995400113377548;9526.967487847947;19328.604880794213;4752.795881595613
126;10.393654018867922;-9.824929830188681;-0.4307532264150945;-2.861816;-35.267815;-15.785451;27.840491999999998;27.658635999999998;21.561726;8.270369407678173;16.50994434795903;10.029260561880866;7.939385000000001;-15.220745;-3.108277;jump_fast;35.998617113207565;1251.5895631240405;1.146468670425315;9282.234852040126;19290.119690291594;5240.309567870693
82;-5.680514884615385;-9.419208307692307;-1.6443292884615381;-26.555546000000003;-29.216364000000002;-19.647467000000002;8.822337;7.408179;14.048262;10.108666996251673;7.757634958099163;9.31540746485947;-1.2873385000000002;-7.8747795;-1.8221344999999998;jump_fast;26.27678182692307;906.5501894299788;1.838329514096427;6889.391536922018;7682.743134771623;4566.216206116742
27;9.569910115384614;-8.169648634615386;-1.2887651346153843;-5.534599;-37.277782;-20.092531;29.252256;21.942184;22.356142000000002;8.808714767860025;16.43385182130591;11.664366013756045;8.2097745;-6.404389999999999;-4.1575295;jump_fast;35.30356715384616;1179.8976718168276;1.2127162234845816;8719.5915889974;17244.290028196414;7025.296769400632
109;11.159342538461537;-8.460790769230771;0.6447736346153845;-3.089134;-39.227936;-14.428720000000002;29.522646;34.597823999999996;18.989441;9.781572559603612;18.701810198365806;9.785852152893566;8.628519;-12.537194;-2.053042;jump_fast;37.28431825;1294.3454321711515;1.1596940183838107;11355.2453949956;21560.061922397097;4905.526138347419
57;-10.522621576923076;-12.588133711538463;-2.034497346153846;-26.045873999999998;-39.88596;-24.68675;13.024134;14.072189999999999;15.151353;9.219556750972028;13.713694573187789;11.404041623632894;-10.118050499999999;-14.222938000000001;-0.39960149999999994;jump_fast;37.18805309615385;1263.8635756564647;2.083719071771983;10092.740933162695;17831.314098838386;6847.897764509497
62;11.556689134615384;-9.694520846153846;-0.5528340769230776;-7.106683;-30.855448;-18.795622;30.305099;25.208387;18.570695999999998;10.59287376693595;15.608083932466146;11.706017136285759;12.1136645;-13.561322;-3.0855449999999998;jump_fast;39.13544248076924;1308.4133929055054;1.1567029056009586;12667.625021969372;17311.380676886893;7004.465223809392
32;-9.091161519230768;-10.57452748076923;-0.9542300192307699;-29.656643;-43.436909;-21.590439;3.438486;17.350357000000002;14.780465;8.470861258697548;14.622319953684878;9.729589127231806;-5.627919;-12.818350500000001;-1.5637095;jump_fast;33.096832519230766;1122.2391275891014;2.002834684836539;7957.289337643853;16719.09711718475;4875.2589901613765
44;-8.878476423076922;-7.918586403846153;-2.86940848076923;-24.067010999999997;-20.568703;-22.593031;7.939385000000001;11.46162;20.298315;8.47762721974419;7.554899964062739;11.054844350959268;-7.146165;-9.262616000000001;-3.2004004999999998;jump_fast;28.834203153846154;993.5890849995368;2.021979461237888;7764.400194071231;6171.510739845966;6660.831026355277
7;-7.636509365384617;-9.001200634615383;-3.6216750769230766;-31.633115999999998;-25.227529999999998;-24.595823;4.835895;6.604189999999999;18.111275;8.913030459441691;6.223835861041484;11.962952644102131;-6.6556365;-8.7493555;-4.072584;jump_fast;28.706693230769215;981.4203534536947;1.982979284691867;7083.9940254732655;6188.666643043705;7980.78361308244
7;-9.088860788461544;-10.07410534615385;-1.0399574615384615;-28.359734000000003;-39.955353;-22.686352;8.688339;14.806787;15.431314000000002;7.808135891555681;12.824163261707595;10.574654015869598;-9.200403;-12.7645125;-1.2382855;jump_fast;32.33048517307693;1064.383753689443;2.0482422830509988;7404.900593616754;13664.77245483056;5759.227284456791
80;8.327585803921567;-10.71979854901961;0.030215294117647326;-5.106284;-27.809385;-17.367107;30.321848;15.247066;23.035704;10.310963899730998;9.928915630496745;12.02680909464887;4.488935;-11.416157;-4.386044;jump_fast;32.49955188235293;1095.2376086852091;1.1752201188096447;8852.581778483269;10789.78640738583;7232.25341112037
76;8.49401426923077;-9.19810238461538;-1.9078619230769231;-6.848258;-26.129623000000002;-19.716858;29.625538;10.667203;24.358934;9.508552301472847;10.651590925220312;12.520082392574926;5.8037915;-10.348958;-7.682157;jump_fast;32.71108223076924;1107.3990636477565;1.1473473879237246;8362.751387468657;10185.740399999117;8183.652349071492
3;-5.977132769230772;-9.778914019230768;-1.2228243846153846;-30.520452000000002;-35.956947;-29.881569;11.538191000000001;8.796016;12.411572;7.482210498551433;9.926758459472076;8.747981849348106;-6.826722999999999;-11.1912315;-1.776671;jump_fast;25.830382288461543;862.4678176800016;1.9812133185211527;4712.915210508935;9998.17949771414;3980.6420809944375
95;-4.435050846153844;-9.042982923076922;-2.02442001923077;-23.909084;-24.198616;-17.352749;9.844072;9.829716000000001;15.670595;9.616959388817143;6.631042567882611;8.427503775242766;-0.582652;-8.677571499999999;-3.3152555;jump_fast;25.051196519230775;846.9151547727254;1.7782649078433421;5739.604454608509;6494.835090037797;3835.2741875099277
89;-4.406922450980392;-9.744277529411766;-1.501050568627451;-19.936998000000003;-29.343184;-15.763916;6.575477;10.650454;14.847465;7.835994078937375;7.457774654662894;8.525384673653605;-2.378466;-8.580662;-3.0484560000000003;jump_fast;24.36981960784313;813.4922012079099;1.8307573458544284;4060.609400193787;7623.418313066763;3749.0199849768037
61;10.00538475471698;-11.639140962264149;1.2609272452830196;-5.024928;-30.561131;-19.874784;25.227529999999998;7.874778999999999;25.01696;9.110471596166892;10.184717874942997;12.862018111610212;7.499105999999999;-10.234102;-1.6821540000000001;jump_fast;34.74170805660378;1215.9812589071553;1.0924517484240812;9621.745397403234;12573.769789984668;8686.705203424775
97;-5.261488490196078;-9.305546568627452;-2.674331196078431;-29.063222999999997;-24.268007;-19.235901000000002;10.535598;5.290531;14.122439000000002;9.89610011041796;6.024978683129119;8.817032755377934;-3.024528;-9.432507000000001;-4.161119;jump_fast;25.781960215686276;847.8992365733334;1.8566709920344684;6308.486187526475;6231.2714505936165;4251.757745132604
17;-7.23999101923077;-8.117236730769228;-2.4066273846153847;-23.385056;-18.848264999999998;-23.105095000000002;7.003792;8.695518;16.960327;7.6544985542214175;6.2555776332214785;11.567555580254036;-7.49432;-9.498309500000001;0.5694915;jump_fast;27.923043749999994;937.2581918217447;1.9706182111596606;5713.867191789663;5422.000499242457;7125.401926371379
27;-8.56607503846154;-8.414314884615383;-0.12985657692307717;-27.689743;-39.558144;-20.276779;5.800202;21.111874;18.149559;8.22305316606637;15.176363083920094;9.606806027233489;-7.028916499999999;-9.9206425;-0.5132605;jump_fast;31.06822519230769;1062.830728319682;2.0011271163594353;7264.186133326464;15428.057958031528;4707.703686279024
156;9.09824792307692;-7.91973675;-1.2992566538461539;-10.504491999999999;-36.081371000000004;-16.197016;32.906096999999995;16.534405;24.251257;10.352179154983801;13.581414075823412;11.813800591322174;6.07418;-8.9276215;-5.32762;jump_fast;34.05262725000001;1122.2640284708586;1.137409888363274;9770.010270129163;12668.75119309132;7205.639633321031
159;9.728158557692305;-11.4705015;1.6861577884615377;-5.1732830000000005;-29.570501;-19.716858;29.426933000000002;12.457035000000001;27.199215000000002;10.827046098407925;10.461874327848749;14.077999464083465;4.962714500000001;-12.72862;-3.255435;jump_fast;36.38365065384615;1247.9900277230918;1.1595206140560501;10899.598872096876;12423.756579434854;10255.536175002104
104;-4.520502115384617;-9.882265480769235;-1.834512711538461;-27.012575;-23.942583;-17.843279000000003;8.516055999999999;1.730011;13.404592999999998;9.486468294614417;5.124170871120779;8.343031531311956;-1.7084755;-10.425528;-2.7708885;jump_fast;25.150084538461535;843.9400856993616;1.7931151066340738;5652.263963451191;6417.390376623541;3724.9176499731434
45;-9.421601211538462;-8.910549423076922;-2.57177826923077;-24.543182;-29.895926;-35.877983;4.778467;20.642881;16.72583;8.173415371916834;12.593172940761296;11.568703076311303;-7.564909;-10.3968145;-4.455436000000001;jump_fast;32.96854059615385;1095.8209905232304;2.0623978325760794;8022.9022691778855;12216.678573609062;7169.509694497145
5;10.76912836538461;-9.264088884615386;-0.21889721153846192;-3.775874;-35.102707;-21.305692999999998;37.622349;19.460827;19.494326;8.791925629765316;15.973460486537862;10.8432287114597;10.273584;-12.5348015;-3.9361930000000003;jump_fast;36.4180243076923;1201.4322681009548;1.1434378857683645;9972.850309252373;17475.537264491133;5998.847684779626
135;7.570568730769231;-10.264703096153845;-0.7604574038461541;-2.4191439999999997;-23.073988;-16.443478;22.935205;6.71426;23.944976999999998;7.130197464126977;7.555018163810036;12.2205472665611;4.040281;-10.631311;-5.7954165;jump_fast;29.26385296153845;991.5601420226328;1.1723842646810418;5573.128076929223;8389.928014144376;7646.501914286302
138;-6.897265153846154;-10.312559499999999;-0.14890721153846145;-28.869406;-26.792434999999998;-14.517254999999999;10.248460000000001;6.029913;13.830515;11.174449159289496;6.948270631991255;8.536717278948547;-3.7938199999999997;-10.1467645;-0.36012;jump_fast;28.23668767307693;960.3532416632992;1.8709219895630724;8842.041878018772;7992.343642479091;3717.8056515333374
23;8.032705622641508;-11.989395867924529;-0.897353698113207;-1.361516;-22.805992;-18.692729999999997;26.768507;5.982057;20.228922;7.984900693041866;6.770034024627175;11.949906319439654;5.034498999999999;-13.761123000000001;-3.1657040000000003;jump_fast;31.53735730188679;1087.2975369321189;1.1636765295013738;6735.24029190338;10001.852259843403;7468.29148821038
163;11.42476176923077;-9.989344288461536;2.3528808076923076;-4.56072;-26.802006;-19.073189000000003;33.145378;11.124232000000001;24.040689;11.02893558705291;9.846766236989133;13.606140873496175;7.8436725;-10.518848;0.5288135;jump_fast;35.97029036538461;1225.359244217132;1.0709756567361197;12990.817866502666;10133.82303591916;9729.355043891339
34;11.507912442307692;-10.596523192307687;-0.4550964999999997;-5.759524;-32.496925;-21.566511;32.796028;26.021946;22.241287;10.192009466246796;16.017938574932003;12.513266275702568;9.304491;-13.446467;-2.5435705;jump_fast;39.58630578846154;1308.7922957378585;1.1614255434846403;12184.196441513932;18924.179961490998;7996.443344082632
45;-9.32303525;-6.977378846153846;-2.456278480769231;-25.347170000000002;-20.568703;-25.588846;10.4351;11.854042999999999;20.298315;8.842325731725277;8.106926928752642;10.645126828773938;-8.8725865;-8.656036;-3.6897325;jump_fast;28.819524038461534;986.717232803908;2.0567305374675757;8507.31022782509;5883.3938848981425;6092.986791939496
28;-8.450667269230768;-8.999774153846156;-0.7702127307692307;-39.397822999999995;-33.413376;-22.760529000000002;8.855837;10.320244;19.518255;9.135972463588383;6.235678547552526;11.495429073033518;-5.9437715;-9.0879405;2.2695925;jump_fast;29.18042615384616;967.0293959118791;1.9945053315166517;7970.282054980613;6194.856645021084;6770.237206063584
18;-8.959510250000001;-9.966842692307694;0.7449961153846161;-28.342985;-37.988453;-17.254644;2.770889;22.229322;16.486547;8.223543808902496;15.876608538366552;8.407652901349872;-6.043073;-14.49213;0.104088;jump_fast;32.17274301923077;1122.8861346143137;2.0218834334423845;7623.1471554563295;18020.975201874004;3633.980991809205
132;12.237493326923076;-10.558928269230769;0.13846161538461504;-1.895115;-33.056847;-12.086147;30.089745;26.849863;14.289937;9.80042046423836;17.13207751290843;8.402432333501487;10.377672;-17.2522515;-1.808974;jump_fast;37.771027711538466;1304.3898554240936;1.1079413150073496;12685.784937246277;20766.442317450998;3601.641249257249
36;-9.669067784313727;-11.349157686274511;-2.275339764705882;-27.589245000000002;-43.814976;-24.476183;3.739982;22.112074;13.792229999999998;8.700423159795308;14.947010349282767;10.218363915964089;-7.965706;-13.256236999999999;-2.3880369999999997;jump_fast;35.32392672549021;1155.743650084454;2.01852609950979;8552.90262067546;17739.62830866242;5484.783779241293
134;12.661597627450986;-10.592791078431373;0.2590817647058829;-1.552942;-41.194835999999995;-10.784450999999999;28.685158;36.320656;18.762123000000003;9.34376726440458;18.000721866474017;9.154293276640066;10.540383;-17.161324;-1.648655;jump_fast;38.73613898039216;1313.3700668391798;1.0927881939378057;12541.418113021018;21923.867750103847;4193.477561137836
21;-8.870837826923077;-10.556351192307691;1.0854671730769232;-26.648867;-39.584465;-17.024932999999997;3.6897330000000004;17.501104;16.350157;7.389485945067181;14.32527113412757;9.359949395884161;-7.2729845;-13.049258;2.1403795;jump_fast;32.69700107692308;1103.4809192681837;2.0203257365300265;6876.801344231218;16260.583672137172;4529.309714528163
145;8.571965096153848;-9.31940003846154;0.3745226346153848;-1.586441;-22.174288;-17.163717000000002;23.437698;9.693324;26.756542;8.001078897675757;7.363805666442258;13.126368920745335;4.6408795000000005;-10.41835;-1.6474585;jump_fast;30.75255661538461;1030.4704753203446;1.1485694547898975;7085.766891571797;7281.770616547081;8794.6735078186
18;7.820918207547168;-9.363792207547169;-2.2381470188679238;-1.20359;-20.331814;-21.439692;21.499512;8.327022999999999;18.228523000000003;5.8410487916647575;7.872827336802653;12.211598660822531;5.938986;-11.129017999999999;-6.218946;jump_fast;29.579802679245297;999.5326870470998;1.1292060082684239;5015.966616588204;7870.105373129989;8019.8963864937095
19;-8.235313269230769;-9.803762557692307;0.32500984615384565;-28.342985;-36.083767;-17.254644;5.125426;13.667803;17.898314000000003;8.19220856461358;13.848204545846214;9.365256997932816;-6.467798999999999;-11.0859475;0.032303500000000006;jump_fast;30.797652211538466;1053.2874562360878;2.0199315526954615;6949.386340875687;14778.32676127908;4478.6028033088505
123;12.7358688627451;-7.863425137254903;0.7167676666666666;-2.7948169999999997;-30.675987;-14.294723000000001;31.980074;32.951561;22.140787;9.179663681923772;18.39120427067248;10.761953396596889;13.533805;-13.112668;-1.01695;jump_fast;39.85443170588236;1322.5858870433287;1.1114729714076035;12485.63140580256;20065.32592562991;5817.183595813082
17;7.604108882352942;-10.056235941176473;-2.1487078627450975;-4.778467;-21.509083;-20.382063;21.944576;11.102697000000001;20.279170999999998;7.5206177784027375;8.41414117170022;11.96501716103498;4.962714;-12.246466999999999;-6.314659;jump_fast;30.49295892156862;992.5866995183076;1.1671625595338866;5776.930655069991;8697.410529400117;7393.546002643631
38;13.938651999999994;-7.889734365384617;-0.3376181153846152;-3.8691940000000002;-34.808392;-22.176679999999998;34.183865000000004;24.660431;24.327827;10.560801670576074;17.73431152567767;13.62512253269293;14.264812000000001;-8.362915000000001;-3.711268;jump_fast;42.66743271153847;1403.6589551325765;1.0753668125926616;15790.930146196768;19276.68730430819;9473.769437151192
143;7.4833687307692305;-9.896116288461538;-1.507524173076923;-2.545963;-23.095523999999997;-16.388443;24.942783;8.602198;24.847071;7.878776333682751;7.965893270061;12.117736908487142;4.3178485;-10.112069;-7.972884499999999;jump_fast;29.94746376923077;1011.4623051317812;1.1931007803184552;6077.872935480211;8328.750350017357;7606.993651834276
82;8.88372207692308;-8.20977442307692;-0.9071098653846161;-4.098905;-33.997223;-20.09971;23.327627;19.700109;20.458633;7.634499331276021;14.78442229232525;10.46952859474196;8.0075805;-7.2681985000000005;-3.5210385000000004;jump_fast;32.127463173076926;1073.4001931268888;1.1684203759421192;7076.431514882498;14652.356864454005;5632.950590811761
55;-10.257846615384617;-11.619730730769229;-3.599909673076923;-26.727828999999996;-36.550365;-31.015767999999998;4.144369;12.952349;17.465212;8.912518333309542;12.26268278544733;12.62625953732625;-8.9336035;-14.703895000000001;-3.0460635000000003;jump_fast;36.80207236538462;1223.3495518316258;2.048436987075862;9522.699828727913;14689.986241212131;8804.430107124292
9;-7.315871250000001;-8.372808653846153;-4.988436980769231;-27.335606;-20.317457;-27.349961999999998;8.006385;13.466804999999999;16.926826000000002;9.276490497953517;6.571156269145315;12.246420225923279;-5.4580285;-9.6263255;-6.991828;jump_fast;29.570134076923082;1021.273437466432;1.942183131287691;7171.859625511695;5847.588917593813;8942.709408422555
111;-4.252966076923077;-10.06319978846154;-2.858272711538461;-24.720251;-23.014167999999998;-18.108881;8.784052;5.099105000000001;17.283358;9.414760105657018;5.94747955076106;8.431471139802273;-1.408176;-9.9349995;-3.3870405;jump_fast;25.343811230769234;863.3406788651381;1.7540101790542808;5461.084563676459;7069.933642432371;4050.4005751105724
29;-8.051848115384615;-9.212551346153846;0.7271880192307693;-24.890141;-36.282371999999995;-14.170295999999999;2.854637;18.64966;16.654045;7.19235495473989;13.947706179247115;8.552279170773563;-6.7956165;-10.340583;-1.1473585;jump_fast;29.608925480769223;1014.7438706028811;1.9978582852911873;6009.50587935113;14334.76121068011;3757.713155353478
96;9.973836942307688;-8.873782749999995;-1.6743317115384615;-3.5629129999999996;-33.812977000000004;-21.528225;28.374090000000002;25.962126;19.716858;8.635500478416457;16.090768086756473;11.152008984502821;8.456235000000001;-9.401400500000001;-3.734;jump_fast;35.49816801923077;1192.3362062789838;1.1710347555008747;8975.99130843984;17299.24275400908;6488.508631285705
86;-3.870436692307692;-9.509261211538462;-3.122541538461538;-23.2367;-23.375484;-22.203001;11.107483;4.5678980000000005;14.033904999999999;8.792445898778395;6.566090561711798;8.725720270864223;-0.7645069999999999;-8.866604500000001;-5.375476000000001;jump_fast;25.149992442307695;853.2149583392974;1.7686858027197752;4721.636918866604;6900.945345536674;4390.061720803634
122;-4.521684039215687;-9.88254517647059;-2.8768766078431374;-26.239693;-21.291335999999998;-18.661623000000002;8.059027;7.506285000000001;12.758531;9.14543660191538;6.163644845830248;8.057971756083278;-1.208375;-9.994821;-3.754339;jump_fast;24.766230411764703;825.4449999973128;1.7872041268046093;5224.67748605807;6880.425546690575;3668.642810946297
152;-4.931372705882354;-8.80605649019608;-1.8422857647058821;-27.799814;-25.574488;-17.548962;11.949757;5.994021;14.782858;9.626527466199802;7.725143993730746;8.887779631925683;-1.962115;-7.67139;-3.285346;jump_fast;25.39085092156863;844.5133670018657;1.8383489324818885;5873.741827855352;6938.770662528458;4122.726198064384
43;12.834640480769227;-10.719431269230766;-2.3356249807692304;-4.192225;-33.186058;-23.818157;26.916862;28.235308000000003;23.093132;9.299702747841783;16.508534612090436;13.651316998851664;12.039487000000001;-12.454642;-5.0344985;jump_fast;42.73470792307691;1388.7803682116673;1.1313936768635666;12976.563837180227;19874.240217227623;9787.948736601205
116;-6.6702693076923065;-9.816232788461537;-1.1261912884615386;-29.608788;-21.865614;-18.204596;7.07797;10.293923;12.94517;9.6724069609452;6.366281113063152;9.105537814350724;-4.0965125;-9.9421775;-0.9870395000000001;jump_fast;26.84429511538462;913.882380372378;1.9221968905353615;7084.937894456585;7077.644455915678;4294.403717863866
117;11.657325711538466;-10.330781615384616;0.2953294615384617;-1.8592229999999998;-35.207993;-11.394622;29.819354999999998;27.129824;18.721445000000003;8.59408670114568;17.507248538645296;9.170764447930814;8.6261255;-16.785651;-1.8245275;jump_fast;37.62667586538461;1293.795255731726;1.1088089612568324;10833.223260301833;21181.393857896768;4293.784362055356
3;11.300058865384614;-10.004437519230766;-0.7766549999999993;-3.002992;-36.078979;-20.391634;30.142387;20.260029;16.950756;8.475618848380375;16.262402045235508;10.86176147475958;9.621540499999998;-15.852450000000001;-2.5471595000000002;jump_fast;37.866970615384616;1251.7887350933408;1.1344378827867876;10303.591036794238;18692.36777828689;6048.237014492443
101;7.925442769230769;-9.02683148076923;-2.011765788461538;-4.823930000000001;-28.833513;-17.343177999999998;24.665216;4.158726000000001;24.653252;7.402897782733203;9.060030060243824;12.454550809324484;5.9054865;-7.198807;-6.836294499999999;jump_fast;29.552464192307692;1006.8686063175833;1.1104901779140228;6061.205115255724;8423.44308159334;8121.362111520769
6;9.633043846153846;-11.632339153846155;-1.946423192307692;-3.2877379999999996;-27.680172;-18.759729;26.447868;7.022933999999999;19.671394;8.551548703241792;10.86118118876629;11.555392524622123;7.7383885;-12.7980115;-6.5659054999999995;jump_fast;34.022210692307695;1153.4446348114186;1.1003834788188334;8554.94600099971;13052.416435461068;7006.887204967503
43;-9.711500865384615;-8.815664826923078;-0.8578729423076925;-29.154152000000003;-39.723248;-20.992233;2.569891;24.945175;15.237494;8.781126356088155;16.193858341619475;9.223255186654928;-8.8378905;-12.0251305;-2.4538400000000005;jump_fast;33.59306736538462;1154.554518386051;2.0466989009312826;8836.80613519593;17415.5226571241;4376.759439373478
13;-8.79141448076923;-11.14001584615385;0.2985046923076912;-26.500511;-36.988251;-16.161123;8.030313;15.414563000000001;16.934006;8.665682352597797;13.119520158336263;9.164810720952477;-11.009377;-14.171492;0.49292149999999996;jump_fast;32.51091309615385;1092.84393475649;1.9957524008625818;7848.822948221672;15231.409827167628;4288.314995764301
18;-7.604666423076922;-8.214744211538461;-2.7989582307692293;-22.896919;-18.848264999999998;-22.841885;4.7928239999999995;7.7001029999999995;16.960327;7.163053374381733;5.843964227421913;11.626946314089077;-7.025327;-9.114260999999999;-2.039881;jump_fast;27.788677557692303;938.0224878438462;2.0055388718867526;5623.985488982545;5250.812980432978;7301.856603360915
12;9.562639634615385;-9.504291480769233;-0.7761487884615389;-2.541178;-27.701708;-17.352749;27.11068;10.537991;18.295523;7.914484095308129;10.95423202563078;11.248829966182443;7.205985500000001;-11.2666055;-3.4085755;jump_fast;31.91256940384615;1058.5662063296402;1.061365930776256;7949.683975878038;10816.996103513082;6484.670116987463
17;-9.12912451923077;-10.523449923076923;0.8483015961538469;-29.309684999999998;-44.717068;-13.722837;2.770889;22.229322;16.486547;8.380519533579815;16.11337399170151;7.0549425801269825;-6.769295;-14.603397000000001;-0.08973100000000002;jump_fast;31.851138269230773;1128.375670555505;2.030085857943507;7915.616043644618;19000.317801960977;2575.802966351259
51;-8.638964057692307;-10.831433826923076;-2.358955;-24.234509;-35.669807;-33.001808000000004;2.031507;12.490534;14.455042;7.571159656978967;11.473331432194403;11.492449277302477;-6.8171515;-14.2432765;-1.3220345;jump_fast;32.455326;1089.9123321425677;2.0294035124745053;6804.293785609937;12814.141896646684;7025.258681945182
